Sub-Category,Profit
Henderson,Accessories
Los Angeles,Accessories
Fort Lauderdale,Accessories
Concord,Accessories
Seattle,Accessories
Fort Worth,Accessories
Madison,Accessories
West Jordan,Binders
San Francisco,Accessories
Fremont,Appliances
Philadelphia,Accessories
Orem,Art
Houston,Accessories
Richardson,Furnishings
Naperville,Accessories
Melbourne,Storage
Eagan,Accessories
Westland,Accessories
Dover,Accessories
New Albany,Binders
New York City,Accessories
Troy,Accessories
Chicago,Accessories
Gilbert,Accessories
Springfield,Accessories
Jackson,Accessories
Memphis,Accessories
Decatur,Accessories
Durham,Appliances
Columbia,Accessories
Rochester,Accessories
Minneapolis,Appliances
Portland,Accessories
Saint Paul,Appliances
Aurora,Accessories
Charlotte,Accessories
Orland Park,Accessories
Urbandale,Art
Columbus,Accessories
Bristol,Appliances
Wilmington,Appliances
Bloomington,Accessories
Phoenix,Accessories
Roseville,Appliances
Independence,Appliances
Pasadena,Accessories
Newark,Accessories
Franklin,Accessories
Scottsdale,Appliances
San Jose,Accessories
Edmond,Labels
Carlsbad,Art
San Antonio,Accessories
Monroe,Accessories
Fairfield,Accessories
Grand Prairie,Accessories
Redlands,Art
Hamilton,Appliances
Westfield,Accessories
Akron,Accessories
Denver,Accessories
Dallas,Accessories
Whittier,Phones
Saginaw,Binders
Medina,Accessories
Dublin,Accessories
Detroit,Accessories
Tampa,Accessories
Santa Clara,Appliances
Lakeville,Appliances
San Diego,Accessories
Brentwood,Accessories
Chapel Hill,Art
Morristown,Appliances
Cincinnati,Accessories
Inglewood,Appliances
Tamarac,Appliances
Colorado Springs,Accessories
Belleville,Accessories
Taylor,Accessories
Lakewood,Accessories
Arlington,Accessories
Arvada,Chairs
Hackensack,Chairs
Saint Petersburg,Art
Long Beach,Accessories
Hesperia,Accessories
Murfreesboro,Accessories
Layton,Fasteners
Austin,Accessories
Lowell,Appliances
Manchester,Art
Harlingen,Art
Tucson,Accessories
Quincy,Accessories
Pembroke Pines,Accessories
Des Moines,Art
Peoria,Accessories
Las Vegas,Appliances
Warwick,Accessories
Miami,Accessories
Huntington Beach,Art
Richmond,Accessories
Louisville,Accessories
Lawrence,Accessories
Canton,Binders
New Rochelle,Accessories
Gastonia,Accessories
Jacksonville,Accessories
Auburn,Art
Norman,Accessories
Park Ridge,Furnishings
Amarillo,Accessories
Lindenhurst,Paper
Huntsville,Accessories
Fayetteville,Accessories
Costa Mesa,Accessories
Parker,Binders
Atlanta,Accessories
Gladstone,Accessories
Great Falls,Accessories
Lakeland,Accessories
Montgomery,Art
Mesa,Accessories
Green Bay,Accessories
Anaheim,Accessories
Marysville,Art
Salem,Accessories
Laredo,Accessories
Grove City,Binders
Dearborn,Appliances
Warner Robins,Art
Vallejo,Binders
Mission Viejo,Accessories
Rochester Hills,Accessories
Plainfield,Appliances
Sierra Vista,Appliances
Vancouver,Accessories
Cleveland,Accessories
Tyler,Accessories
Burlington,Accessories
Waynesboro,Appliances
Chester,Art
Cary,Accessories
Palm Coast,Binders
Mount Vernon,Accessories
Hialeah,Appliances
Oceanside,Accessories
Evanston,Accessories
Trenton,Appliances
Cottage Grove,Accessories
Bossier City,Accessories
Lancaster,Accessories
Asheville,Appliances
Lake Elsinore,Chairs
Omaha,Accessories
Edmonds,Accessories
Santa Ana,Accessories
Milwaukee,Accessories
Florence,Accessories
Lorain,Accessories
Linden,Accessories
Salinas,Art
New Brunswick,Fasteners
Garland,Art
Norwich,Appliances
Alexandria,Art
Toledo,Accessories
Farmington,Accessories
Riverside,Accessories
Torrance,Appliances
Round Rock,Accessories
Boca Raton,Accessories
Virginia Beach,Accessories
Murrieta,Storage
Olympia,Chairs
Washington,Art
Jefferson City,Furnishings
Saint Peters,Tables
Rockford,Art
Brownsville,Bookcases
Yonkers,Accessories
Oakland,Accessories
Clinton,Accessories
Encinitas,Accessories
Roswell,Accessories
Jonesboro,Art
Antioch,Paper
Homestead,Paper
La Porte,Appliances
Lansing,Appliances
Cuyahoga Falls,Binders
Reno,Art
Harrisonburg,Accessories
Escondido,Art
Royal Oak,Paper
Rockville,Binders
Coral Springs,Appliances
Buffalo,Art
Boynton Beach,Art
Gulfport,Binders
Fresno,Accessories
Greenville,Accessories
Macon,Accessories
Cedar Rapids,Phones
Providence,Accessories
Pueblo,Accessories
Deltona,Art
Murray,Appliances
Middletown,Accessories
Freeport,Art
Pico Rivera,Furnishings
Provo,Binders
Pleasant Grove,Appliances
Smyrna,Art
Parma,Appliances
Mobile,Accessories
New Bedford,Accessories
Irving,Appliances
Vineland,Accessories
Glendale,Accessories
Niagara Falls,Art
Thomasville,Binders
Westminster,Accessories
Coppell,Art
Pomona,Accessories
North Las Vegas,Accessories
Allentown,Accessories
Tempe,Accessories
Laguna Niguel,Bookcases
Bridgeton,Appliances
Everett,Accessories
Watertown,Appliances
Appleton,Accessories
Bellevue,Art
Allen,Accessories
El Paso,Accessories
Grapevine,Art
Carrollton,Accessories
Kent,Accessories
Lafayette,Accessories
Tigard,Accessories
Skokie,Accessories
Plano,Accessories
Suffolk,Appliances
Indianapolis,Accessories
Bayonne,Accessories
Greensboro,Accessories
Baltimore,Accessories
Kenosha,Accessories
Olathe,Accessories
Tulsa,Accessories
Redmond,Accessories
Raleigh,Accessories
Muskogee,Appliances
Meriden,Appliances
Bowling Green,Accessories
South Bend,Accessories
Spokane,Accessories
Keller,Labels
Port Orange,Envelopes
Medford,Binders
Charlottesville,Art
Missoula,Binders
Apopka,Appliances
Reading,Bookcases
Broomfield,Binders
Paterson,Appliances
Oklahoma City,Accessories
Chesapeake,Accessories
Lubbock,Binders
Johnson City,Appliances
San Bernardino,Binders
Leominster,Binders
Bozeman,Labels
Perth Amboy,Appliances
Ontario,Chairs
Rancho Cucamonga,Appliances
Moorhead,Accessories
Mesquite,Accessories
Stockton,Binders
Ormond Beach,Binders
Sunnyvale,Accessories
York,Binders
College Station,Appliances
Saint Louis,Accessories
Manteca,Chairs
San Angelo,Appliances
Salt Lake City,Binders
Knoxville,Accessories
Little Rock,Accessories
Lincoln Park,Appliances
Marion,Accessories
Littleton,Bookcases
Bangor,Accessories
Southaven,Accessories
New Castle,Appliances
Midland,Appliances
Sioux Falls,Accessories
Fort Collins,Accessories
Clarksville,Accessories
Sacramento,Accessories
Thousand Oaks,Art
Malden,Art
Holyoke,Bookcases
Albuquerque,Accessories
Sparks,Art
Coachella,Accessories
Elmhurst,Chairs
Passaic,Accessories
North Charleston,Furnishings
Newport News,Art
Jamestown,Accessories
Mishawaka,Binders
La Quinta,Accessories
Tallahassee,Accessories
Nashville,Accessories
Bellingham,Accessories
Woodstock,Accessories
Haltom City,Accessories
Wheeling,Art
Summerville,Binders
Hot Springs,Accessories
Englewood,Paper
Las Cruces,Art
Hoover,Accessories
Frisco,Accessories
Vacaville,Storage
Waukesha,Storage
Bakersfield,Appliances
Pompano Beach,Accessories
Corpus Christi,Art
Redondo Beach,Binders
Orlando,Accessories
Orange,Appliances
Lake Charles,Binders
Highland Park,Binders
Hempstead,Art
Noblesville,Binders
Apple Valley,Art
Mount Pleasant,Chairs
Sterling Heights,Art
Eau Claire,Binders
Pharr,Accessories
Billings,Binders
Gresham,Binders
Chattanooga,Accessories
Meridian,Appliances
Bolingbrook,Appliances
Maple Grove,Binders
Woodland,Binders
Missouri City,Binders
Pearland,Binders
San Mateo,Labels
Grand Rapids,Binders
Visalia,Accessories
Overland Park,Accessories
Temecula,Accessories
Yucaipa,Art
Revere,Appliances
Conroe,Storage
Tinley Park,Furnishings
Dubuque,Binders
Dearborn Heights,Accessories
Santa Fe,Accessories
Hickory,Binders
Carol Stream,Chairs
Saint Cloud,Accessories
North Miami,Paper
Plantation,Accessories
Port Saint Lucie,Appliances
Rock Hill,Fasteners
Odessa,Appliances
West Allis,Binders
Chula Vista,Art
Manhattan,Phones
Altoona,Art
Thornton,Accessories
Champaign,Furnishings
Texarkana,Accessories
Edinburg,Binders
Baytown,Paper
Greenwood,Chairs
Woonsocket,Binders
Superior,Appliances
Bedford,Art
Covington,Accessories
Broken Arrow,Binders
Miramar,Appliances
Hollywood,Appliances
Deer Park,Binders
Wichita,Appliances
Mcallen,Accessories
Iowa City,Paper
Boise,Accessories
Cranston,Appliances
Port Arthur,Bookcases
Citrus Heights,Furnishings
The Colony,Envelopes
Daytona Beach,Accessories
Bullhead City,Envelopes
Portage,Art
Fargo,Art
Elkhart,Accessories
San Gabriel,Appliances
Margate,Art
Sandy Springs,Accessories
Mentor,Accessories
Lawton,Appliances
Hampton,Appliances
Rome,Art
La Crosse,Accessories
Lewiston,Accessories
Hattiesburg,Accessories
Danville,Art
Logan,Accessories
Waterbury,Accessories
Athens,Accessories
Avondale,Accessories
Marietta,Accessories
Yuma,Accessories
Wausau,Appliances
Pasco,Appliances
Oak Park,Art
Pensacola,Binders
League City,Art
Gaithersburg,Bookcases
Lehi,Copiers
Tuscaloosa,Binders
Moreno Valley,Appliances
Georgetown,Appliances
Loveland,Binders
Chandler,Art
Helena,Furnishings
Kirkwood,Binders
Waco,Art
Frankfort,Appliances
Bethlehem,Appliances
Grand Island,Paper
Woodbury,Binders
Rogers,Binders
Clovis,Accessories
Jupiter,Art
Santa Barbara,Accessories
Cedar Hill,Envelopes
Norfolk,Binders
Draper,Accessories
Ann Arbor,Accessories
La Mesa,Accessories
Pocatello,Binders
Holland,Fasteners
Milford,Accessories
Buffalo Grove,Accessories
Lake Forest,Appliances
Redding,Phones
Chico,Appliances
Utica,Accessories
Conway,Tables
Cheyenne,Chairs
Owensboro,Paper
Caldwell,Chairs
Kenner,Accessories
Nashua,Fasteners
Bartlett,Supplies
Redwood City,Binders
Lebanon,Paper
Santa Maria,Storage
Des Plaines,Binders
Longview,Appliances
Hendersonville,Art
Waterloo,Art
Cambridge,Accessories
Palatine,Accessories
Beverly,Appliances
Eugene,Chairs
Oxnard,Accessories
Renton,Binders
Glenview,Phones
Delray Beach,Accessories
Commerce City,Storage
Texas City,Chairs
Wilson,Binders
Rio Rancho,Chairs
Goldsboro,Appliances
Montebello,Accessories
El Cajon,Chairs
Beaumont,Accessories
West Palm Beach,Art
Abilene,Appliances
Normal,Chairs
Saint Charles,Accessories
Camarillo,Bookcases
Hillsboro,Accessories
Burbank,Furnishings
Modesto,Accessories
Garden City,Art
Atlantic City,Envelopes
Longmont,Accessories
Davis,Paper
Morgan Hill,Art
Clifton,Appliances
Sheboygan,Accessories
East Point,Accessories
Rapid City,Binders
Andover,Binders
Kissimmee,Phones
Shelton,Accessories
Danbury,Furnishings
Sanford,Binders
San Marcos,Accessories
Greeley,Envelopes
Mansfield,Paper
Elyria,Binders
Twin Falls,Binders
Coral Gables,Furnishings
Romeoville,Binders
Marlborough,Furnishings
Laurel,Appliances
Bryan,Binders
Pine Bluff,Accessories
Aberdeen,Supplies
Hagerstown,Binders
East Orange,Accessories
Arlington Heights,Art
Oswego,Binders
Coon Rapids,Phones
San Clemente,Binders
San Luis Obispo,Fasteners
Springdale,Art
Lodi,Art
Mason,Binders
